<?xml version="1.0" encoding="UTF-8"?>
<config xmlns="http://www.knime.org/2008/09/XMLConfig" xmlns:xsi="http://www.w3.org/2001/XMLSchema-instance" xsi:schemaLocation="http://www.knime.org/2008/09/XMLConfig http://www.knime.org/XMLConfig_2008_09.xsd" key="model.xml">
    <entry key="version" type="xint" value="1"/>
    <entry key="class_name" type="xstring" value="org.knime.base.data.normalize.NormalizerPortObject"/>
    <config key="model">
        <config key="columns">
            <config key="Johor">
                <entry key="column_name" type="xstring" value="Johor"/>
                <entry key="column_scale" type="xdouble" value="0.0704225352112676"/>
                <entry key="column_translate" type="xdouble" value="-7.640845070422534"/>
                <entry key="column_min" type="xdouble" value="0.0"/>
                <entry key="column_max" type="xdouble" value="1.0"/>
            </config>
            <config key="Kedah">
                <entry key="column_name" type="xstring" value="Kedah"/>
                <entry key="column_scale" type="xdouble" value="0.10526315789473684"/>
                <entry key="column_translate" type="xdouble" value="-11.052631578947368"/>
                <entry key="column_min" type="xdouble" value="0.0"/>
                <entry key="column_max" type="xdouble" value="1.0"/>
            </config>
            <config key="Kelantan">
                <entry key="column_name" type="xstring" value="Kelantan"/>
                <entry key="column_scale" type="xdouble" value="0.09900990099009907"/>
                <entry key="column_translate" type="xdouble" value="-10.584158415841591"/>
                <entry key="column_min" type="xdouble" value="0.0"/>
                <entry key="column_max" type="xdouble" value="1.0"/>
            </config>
            <config key="Melaka">
                <entry key="column_name" type="xstring" value="Melaka"/>
                <entry key="column_scale" type="xdouble" value="0.1111111111111111"/>
                <entry key="column_translate" type="xdouble" value="-11.411111111111111"/>
                <entry key="column_min" type="xdouble" value="0.0"/>
                <entry key="column_max" type="xdouble" value="1.0"/>
            </config>
            <config key="Negeri Sembilan">
                <entry key="column_name" type="xstring" value="Negeri Sembilan"/>
                <entry key="column_scale" type="xdouble" value="0.1030927835051546"/>
                <entry key="column_translate" type="xdouble" value="-11.309278350515461"/>
                <entry key="column_min" type="xdouble" value="0.0"/>
                <entry key="column_max" type="xdouble" value="1.0"/>
            </config>
            <config key="Pahang">
                <entry key="column_name" type="xstring" value="Pahang"/>
                <entry key="column_scale" type="xdouble" value="0.07874015748031495"/>
                <entry key="column_translate" type="xdouble" value="-8.188976377952754"/>
                <entry key="column_min" type="xdouble" value="0.0"/>
                <entry key="column_max" type="xdouble" value="1.0"/>
            </config>
            <config key="Perak">
                <entry key="column_name" type="xstring" value="Perak"/>
                <entry key="column_scale" type="xdouble" value="0.0877192982456141"/>
                <entry key="column_translate" type="xdouble" value="-9.271929824561411"/>
                <entry key="column_min" type="xdouble" value="0.0"/>
                <entry key="column_max" type="xdouble" value="1.0"/>
            </config>
            <config key="Perlis">
                <entry key="column_name" type="xstring" value="Perlis"/>
                <entry key="column_scale" type="xdouble" value="0.10416666666666673"/>
                <entry key="column_translate" type="xdouble" value="-10.770833333333341"/>
                <entry key="column_min" type="xdouble" value="0.0"/>
                <entry key="column_max" type="xdouble" value="1.0"/>
            </config>
            <config key="Pulau-Pinang">
                <entry key="column_name" type="xstring" value="Pulau-Pinang"/>
                <entry key="column_scale" type="xdouble" value="0.08"/>
                <entry key="column_translate" type="xdouble" value="-8.616"/>
                <entry key="column_min" type="xdouble" value="0.0"/>
                <entry key="column_max" type="xdouble" value="1.0"/>
            </config>
            <config key="Sabah">
                <entry key="column_name" type="xstring" value="Sabah"/>
                <entry key="column_scale" type="xdouble" value="0.09345794392523361"/>
                <entry key="column_translate" type="xdouble" value="-9.8411214953271"/>
                <entry key="column_min" type="xdouble" value="0.0"/>
                <entry key="column_max" type="xdouble" value="1.0"/>
            </config>
            <config key="Sarawak">
                <entry key="column_name" type="xstring" value="Sarawak"/>
                <entry key="column_scale" type="xdouble" value="0.1030927835051546"/>
                <entry key="column_translate" type="xdouble" value="-11.76288659793814"/>
                <entry key="column_min" type="xdouble" value="0.0"/>
                <entry key="column_max" type="xdouble" value="1.0"/>
            </config>
            <config key="Selangor">
                <entry key="column_name" type="xstring" value="Selangor"/>
                <entry key="column_scale" type="xdouble" value="0.07142857142857142"/>
                <entry key="column_translate" type="xdouble" value="-8.014285714285714"/>
                <entry key="column_min" type="xdouble" value="0.0"/>
                <entry key="column_max" type="xdouble" value="1.0"/>
            </config>
            <config key="Terengganu">
                <entry key="column_name" type="xstring" value="Terengganu"/>
                <entry key="column_scale" type="xdouble" value="0.08196721311475418"/>
                <entry key="column_translate" type="xdouble" value="-8.721311475409845"/>
                <entry key="column_min" type="xdouble" value="0.0"/>
                <entry key="column_max" type="xdouble" value="1.0"/>
            </config>
            <config key="WP Kuala Lumpur">
                <entry key="column_name" type="xstring" value="WP Kuala Lumpur"/>
                <entry key="column_scale" type="xdouble" value="0.08547008547008535"/>
                <entry key="column_translate" type="xdouble" value="-9.965811965811952"/>
                <entry key="column_min" type="xdouble" value="0.0"/>
                <entry key="column_max" type="xdouble" value="1.0"/>
            </config>
            <config key="WP Labuan">
                <entry key="column_name" type="xstring" value="WP Labuan"/>
                <entry key="column_scale" type="xdouble" value="0.05"/>
                <entry key="column_translate" type="xdouble" value="-5.23"/>
                <entry key="column_min" type="xdouble" value="0.0"/>
                <entry key="column_max" type="xdouble" value="1.0"/>
            </config>
            <config key="WP Putrajaya">
                <entry key="column_name" type="xstring" value="WP Putrajaya"/>
                <entry key="column_scale" type="xdouble" value="0.04504504504504507"/>
                <entry key="column_translate" type="xdouble" value="-5.175675675675679"/>
                <entry key="column_min" type="xdouble" value="0.0"/>
                <entry key="column_max" type="xdouble" value="1.0"/>
            </config>
            <config key="Total by Date">
                <entry key="column_name" type="xstring" value="Total by Date"/>
                <entry key="column_scale" type="xdouble" value="0.00516795865633075"/>
                <entry key="column_translate" type="xdouble" value="-8.929198966408268"/>
                <entry key="column_min" type="xdouble" value="0.0"/>
                <entry key="column_max" type="xdouble" value="1.0"/>
            </config>
        </config>
        <entry key="summary" type="xstring" value="Min/Max (0.0, 1) normalization on 17 column(s)"/>
    </config>
</config>
